store_nbr,item_nbr,prediction_date,predicted_sales,category,item_class,perishable,item_name,category_name,class_name,product_type
183032947,108952,2017-08-15,5.71,CLEANING,3024,0,Lysol All Purpose Cleaner Lemon Breeze 32 fl oz,Cleaning Supplies,Household Cleaners,Non-Perishable
183032947,402175,2017-08-15,5.9,Pantry Staples,1096,0,Mahatma Extra Long Grain Enriched Rice 5 lb,Pantry Staples,Packaged Snacks,Non-Perishable
183032947,459804,2017-08-15,4.72,Pantry Staples,1086,0,Morton Iodized Salt 26 oz,Pantry Staples,Class 1086,Non-Perishable
183032947,655749,2017-08-15,7.86,Pantry Staples,1096,0,Barilla Spaghetti Pasta 2 lb,Pantry Staples,Packaged Snacks,Non-Perishable
183032947,759694,2017-08-15,9.5,Pantry Staples,1070,0,Del Monte Whole Kernel Corn 15.25 oz 6 Pack,Pantry Staples,Class 1070,Non-Perishable
183032947,1132005,2017-08-15,4.02,BEVERAGES,1132,0,Pure Leaf Iced Tea Lemon 12 x 16.9 fl oz,Beverages & Drinks,Class 1132,Non-Perishable
183032947,1313223,2017-08-15,8.52,BREAD/BAKERY,2714,1,Pepperidge Farm Soft Dinner Rolls 12 Count,Bread & Bakery,Class 2714,Perishable
183032947,1349808,2017-08-15,6.86,Pantry Staples,1030,0,Prego Traditional Italian Sauce 24 oz Jar,Pantry Staples,Class 1030,Non-Perishable
183032947,1354383,2017-08-15,4.64,Pantry Staples,1042,0,Bertolli Extra Virgin Olive Oil 16.9 fl oz,Pantry Staples,Class 1042,Non-Perishable
183032947,1354390,2017-08-15,7.54,Pantry Staples,1042,0,Domino Granulated Sugar 4 lb,Pantry Staples,Class 1042,Non-Perishable
183032947,1441514,2017-08-15,6.88,Pantry Staples,1008,0,Carolina Long Grain White Rice 5 lb,Pantry Staples,Class 1008,Non-Perishable
183032947,1471460,2017-08-15,8.53,DAIRY,2128,1,Borden Whole Milk Gallon,Dairy Products,Class 2128,Perishable
183032947,1472479,2017-08-15,4.15,PET SUPPLIES,6517,0,Meow Mix Original Choice Dry Cat Food 3.15 lb,Pet Supplies,Class 6517,Non-Perishable
183032947,1686685,2017-08-15,8.36,PRODUCE,2034,1,"Dole Bananas, 2 lb Bunch",Fresh Produce,Class 2034,Perishable
183032947,2010456,2017-08-15,5.17,Pantry Staples,1052,0,Uncle Ben’s Jasmine Rice 5 lb,Pantry Staples,Class 1052,Non-Perishable
183032947,2048246,2017-08-15,5.73,Pantry Staples,1016,0,Quaker Old Fashioned Oats 42 oz Canister,Pantry Staples,Class 1016,Non-Perishable
