{
  "prediction_type": "today",
  "prediction_dates": [
    "2017-08-15"
  ],
  "data_info": {
    "total_records": 350,
    "unique_items": 16,
    "unique_stores": 1,
    "has_item_names": true,
    "date_range": {
      "start": "2017-07-15",
      "end": "2017-08-15"
    }
  },
  "summary": {
    "total_predictions": 16,
    "total_items": 16,
    "total_stores": 1,
    "total_predicted_sales": 104.09,
    "average_sales_per_prediction": 6.505625,
    "max_prediction": 9.5,
    "min_prediction": 4.02,
    "top_predictions": [
      {
        "store_nbr": 733202844,
        "item_nbr": 759694,
        "prediction_date": "2017-08-15",
        "predicted_sales": 9.5,
        "category": "Pantry Staples",
        "item_class": 1070,
        "perishable": 0,
        "item_name": "Del Monte Whole Kernel Corn 15.25 oz 6 Pack",
        "category_name": "Pantry Staples",
        "class_name": "Class 1070",
        "product_type": "Non-Perishable"
      },
      {
        "store_nbr": 733202844,
        "item_nbr": 1471460,
        "prediction_date": "2017-08-15",
        "predicted_sales": 8.53,
        "category": "DAIRY",
        "item_class": 2128,
        "perishable": 1,
        "item_name": "Borden Whole Milk Gallon",
        "category_name": "Dairy Products",
        "class_name": "Class 2128",
        "product_type": "Perishable"
      },
      {
        "store_nbr": 733202844,
        "item_nbr": 1313223,
        "prediction_date": "2017-08-15",
        "predicted_sales": 8.52,
        "category": "BREAD/BAKERY",
        "item_class": 2714,
        "perishable": 1,
        "item_name": "Pepperidge Farm Soft Dinner Rolls 12 Count",
        "category_name": "Bread & Bakery",
        "class_name": "Class 2714",
        "product_type": "Perishable"
      },
      {
        "store_nbr": 733202844,
        "item_nbr": 1686685,
        "prediction_date": "2017-08-15",
        "predicted_sales": 8.36,
        "category": "PRODUCE",
        "item_class": 2034,
        "perishable": 1,
        "item_name": "Dole Bananas, 2 lb Bunch",
        "category_name": "Fresh Produce",
        "class_name": "Class 2034",
        "product_type": "Perishable"
      },
      {
        "store_nbr": 733202844,
        "item_nbr": 655749,
        "prediction_date": "2017-08-15",
        "predicted_sales": 7.86,
        "category": "Pantry Staples",
        "item_class": 1096,
        "perishable": 0,
        "item_name": "Barilla Spaghetti Pasta 2 lb",
        "category_name": "Pantry Staples",
        "class_name": "Packaged Snacks",
        "product_type": "Non-Perishable"
      },
      {
        "store_nbr": 733202844,
        "item_nbr": 1354390,
        "prediction_date": "2017-08-15",
        "predicted_sales": 7.54,
        "category": "Pantry Staples",
        "item_class": 1042,
        "perishable": 0,
        "item_name": "Domino Granulated Sugar 4 lb",
        "category_name": "Pantry Staples",
        "class_name": "Class 1042",
        "product_type": "Non-Perishable"
      },
      {
        "store_nbr": 733202844,
        "item_nbr": 1441514,
        "prediction_date": "2017-08-15",
        "predicted_sales": 6.88,
        "category": "Pantry Staples",
        "item_class": 1008,
        "perishable": 0,
        "item_name": "Carolina Long Grain White Rice 5 lb",
        "category_name": "Pantry Staples",
        "class_name": "Class 1008",
        "product_type": "Non-Perishable"
      },
      {
        "store_nbr": 733202844,
        "item_nbr": 1349808,
        "prediction_date": "2017-08-15",
        "predicted_sales": 6.86,
        "category": "Pantry Staples",
        "item_class": 1030,
        "perishable": 0,
        "item_name": "Prego Traditional Italian Sauce 24 oz Jar",
        "category_name": "Pantry Staples",
        "class_name": "Class 1030",
        "product_type": "Non-Perishable"
      },
      {
        "store_nbr": 733202844,
        "item_nbr": 402175,
        "prediction_date": "2017-08-15",
        "predicted_sales": 5.9,
        "category": "Pantry Staples",
        "item_class": 1096,
        "perishable": 0,
        "item_name": "Mahatma Extra Long Grain Enriched Rice 5 lb",
        "category_name": "Pantry Staples",
        "class_name": "Packaged Snacks",
        "product_type": "Non-Perishable"
      },
      {
        "store_nbr": 733202844,
        "item_nbr": 2048246,
        "prediction_date": "2017-08-15",
        "predicted_sales": 5.73,
        "category": "Pantry Staples",
        "item_class": 1016,
        "perishable": 0,
        "item_name": "Quaker Old Fashioned Oats 42 oz Canister",
        "category_name": "Pantry Staples",
        "class_name": "Class 1016",
        "product_type": "Non-Perishable"
      },
      {
        "store_nbr": 733202844,
        "item_nbr": 108952,
        "prediction_date": "2017-08-15",
        "predicted_sales": 5.71,
        "category": "CLEANING",
        "item_class": 3024,
        "perishable": 0,
        "item_name": "Lysol All Purpose Cleaner Lemon Breeze 32 fl oz",
        "category_name": "Cleaning Supplies",
        "class_name": "Household Cleaners",
        "product_type": "Non-Perishable"
      },
      {
        "store_nbr": 733202844,
        "item_nbr": 2010456,
        "prediction_date": "2017-08-15",
        "predicted_sales": 5.17,
        "category": "Pantry Staples",
        "item_class": 1052,
        "perishable": 0,
        "item_name": "Uncle Ben\u2019s Jasmine Rice 5 lb",
        "category_name": "Pantry Staples",
        "class_name": "Class 1052",
        "product_type": "Non-Perishable"
      },
      {
        "store_nbr": 733202844,
        "item_nbr": 459804,
        "prediction_date": "2017-08-15",
        "predicted_sales": 4.72,
        "category": "Pantry Staples",
        "item_class": 1086,
        "perishable": 0,
        "item_name": "Morton Iodized Salt 26 oz",
        "category_name": "Pantry Staples",
        "class_name": "Class 1086",
        "product_type": "Non-Perishable"
      },
      {
        "store_nbr": 733202844,
        "item_nbr": 1354383,
        "prediction_date": "2017-08-15",
        "predicted_sales": 4.64,
        "category": "Pantry Staples",
        "item_class": 1042,
        "perishable": 0,
        "item_name": "Bertolli Extra Virgin Olive Oil 16.9 fl oz",
        "category_name": "Pantry Staples",
        "class_name": "Class 1042",
        "product_type": "Non-Perishable"
      },
      {
        "store_nbr": 733202844,
        "item_nbr": 1472479,
        "prediction_date": "2017-08-15",
        "predicted_sales": 4.15,
        "category": "PET SUPPLIES",
        "item_class": 6517,
        "perishable": 0,
        "item_name": "Meow Mix Original Choice Dry Cat Food 3.15 lb",
        "category_name": "Pet Supplies",
        "class_name": "Class 6517",
        "product_type": "Non-Perishable"
      },
      {
        "store_nbr": 733202844,
        "item_nbr": 1132005,
        "prediction_date": "2017-08-15",
        "predicted_sales": 4.02,
        "category": "BEVERAGES",
        "item_class": 1132,
        "perishable": 0,
        "item_name": "Pure Leaf Iced Tea Lemon 12 x 16.9 fl oz",
        "category_name": "Beverages & Drinks",
        "class_name": "Class 1132",
        "product_type": "Non-Perishable"
      }
    ],
    "store_performance": [
      {
        "store_nbr": 733202844,
        "total_sales": 104.09,
        "avg_sales": 6.51,
        "item_count": 16
      }
    ],
    "category_performance": [
      {
        "category_name": "Pantry Staples",
        "total_sales": 64.8,
        "avg_sales": 6.48,
        "item_count": 10
      },
      {
        "category_name": "Dairy Products",
        "total_sales": 8.53,
        "avg_sales": 8.53,
        "item_count": 1
      },
      {
        "category_name": "Bread & Bakery",
        "total_sales": 8.52,
        "avg_sales": 8.52,
        "item_count": 1
      },
      {
        "category_name": "Fresh Produce",
        "total_sales": 8.36,
        "avg_sales": 8.36,
        "item_count": 1
      },
      {
        "category_name": "Cleaning Supplies",
        "total_sales": 5.71,
        "avg_sales": 5.71,
        "item_count": 1
      },
      {
        "category_name": "Pet Supplies",
        "total_sales": 4.15,
        "avg_sales": 4.15,
        "item_count": 1
      },
      {
        "category_name": "Beverages & Drinks",
        "total_sales": 4.02,
        "avg_sales": 4.02,
        "item_count": 1
      }
    ]
  },
  "detailed_predictions": [
    {
      "store_nbr": 733202844,
      "item_nbr": 108952,
      "prediction_date": "2017-08-15",
      "predicted_sales": 5.71,
      "category": "CLEANING",
      "item_class": 3024,
      "perishable": 0,
      "item_name": "Lysol All Purpose Cleaner Lemon Breeze 32 fl oz",
      "category_name": "Cleaning Supplies",
      "class_name": "Household Cleaners",
      "product_type": "Non-Perishable"
    },
    {
      "store_nbr": 733202844,
      "item_nbr": 402175,
      "prediction_date": "2017-08-15",
      "predicted_sales": 5.9,
      "category": "Pantry Staples",
      "item_class": 1096,
      "perishable": 0,
      "item_name": "Mahatma Extra Long Grain Enriched Rice 5 lb",
      "category_name": "Pantry Staples",
      "class_name": "Packaged Snacks",
      "product_type": "Non-Perishable"
    },
    {
      "store_nbr": 733202844,
      "item_nbr": 459804,
      "prediction_date": "2017-08-15",
      "predicted_sales": 4.72,
      "category": "Pantry Staples",
      "item_class": 1086,
      "perishable": 0,
      "item_name": "Morton Iodized Salt 26 oz",
      "category_name": "Pantry Staples",
      "class_name": "Class 1086",
      "product_type": "Non-Perishable"
    },
    {
      "store_nbr": 733202844,
      "item_nbr": 655749,
      "prediction_date": "2017-08-15",
      "predicted_sales": 7.86,
      "category": "Pantry Staples",
      "item_class": 1096,
      "perishable": 0,
      "item_name": "Barilla Spaghetti Pasta 2 lb",
      "category_name": "Pantry Staples",
      "class_name": "Packaged Snacks",
      "product_type": "Non-Perishable"
    },
    {
      "store_nbr": 733202844,
      "item_nbr": 759694,
      "prediction_date": "2017-08-15",
      "predicted_sales": 9.5,
      "category": "Pantry Staples",
      "item_class": 1070,
      "perishable": 0,
      "item_name": "Del Monte Whole Kernel Corn 15.25 oz 6 Pack",
      "category_name": "Pantry Staples",
      "class_name": "Class 1070",
      "product_type": "Non-Perishable"
    },
    {
      "store_nbr": 733202844,
      "item_nbr": 1132005,
      "prediction_date": "2017-08-15",
      "predicted_sales": 4.02,
      "category": "BEVERAGES",
      "item_class": 1132,
      "perishable": 0,
      "item_name": "Pure Leaf Iced Tea Lemon 12 x 16.9 fl oz",
      "category_name": "Beverages & Drinks",
      "class_name": "Class 1132",
      "product_type": "Non-Perishable"
    },
    {
      "store_nbr": 733202844,
      "item_nbr": 1313223,
      "prediction_date": "2017-08-15",
      "predicted_sales": 8.52,
      "category": "BREAD/BAKERY",
      "item_class": 2714,
      "perishable": 1,
      "item_name": "Pepperidge Farm Soft Dinner Rolls 12 Count",
      "category_name": "Bread & Bakery",
      "class_name": "Class 2714",
      "product_type": "Perishable"
    },
    {
      "store_nbr": 733202844,
      "item_nbr": 1349808,
      "prediction_date": "2017-08-15",
      "predicted_sales": 6.86,
      "category": "Pantry Staples",
      "item_class": 1030,
      "perishable": 0,
      "item_name": "Prego Traditional Italian Sauce 24 oz Jar",
      "category_name": "Pantry Staples",
      "class_name": "Class 1030",
      "product_type": "Non-Perishable"
    },
    {
      "store_nbr": 733202844,
      "item_nbr": 1354383,
      "prediction_date": "2017-08-15",
      "predicted_sales": 4.64,
      "category": "Pantry Staples",
      "item_class": 1042,
      "perishable": 0,
      "item_name": "Bertolli Extra Virgin Olive Oil 16.9 fl oz",
      "category_name": "Pantry Staples",
      "class_name": "Class 1042",
      "product_type": "Non-Perishable"
    },
    {
      "store_nbr": 733202844,
      "item_nbr": 1354390,
      "prediction_date": "2017-08-15",
      "predicted_sales": 7.54,
      "category": "Pantry Staples",
      "item_class": 1042,
      "perishable": 0,
      "item_name": "Domino Granulated Sugar 4 lb",
      "category_name": "Pantry Staples",
      "class_name": "Class 1042",
      "product_type": "Non-Perishable"
    },
    {
      "store_nbr": 733202844,
      "item_nbr": 1441514,
      "prediction_date": "2017-08-15",
      "predicted_sales": 6.88,
      "category": "Pantry Staples",
      "item_class": 1008,
      "perishable": 0,
      "item_name": "Carolina Long Grain White Rice 5 lb",
      "category_name": "Pantry Staples",
      "class_name": "Class 1008",
      "product_type": "Non-Perishable"
    },
    {
      "store_nbr": 733202844,
      "item_nbr": 1471460,
      "prediction_date": "2017-08-15",
      "predicted_sales": 8.53,
      "category": "DAIRY",
      "item_class": 2128,
      "perishable": 1,
      "item_name": "Borden Whole Milk Gallon",
      "category_name": "Dairy Products",
      "class_name": "Class 2128",
      "product_type": "Perishable"
    },
    {
      "store_nbr": 733202844,
      "item_nbr": 1472479,
      "prediction_date": "2017-08-15",
      "predicted_sales": 4.15,
      "category": "PET SUPPLIES",
      "item_class": 6517,
      "perishable": 0,
      "item_name": "Meow Mix Original Choice Dry Cat Food 3.15 lb",
      "category_name": "Pet Supplies",
      "class_name": "Class 6517",
      "product_type": "Non-Perishable"
    },
    {
      "store_nbr": 733202844,
      "item_nbr": 1686685,
      "prediction_date": "2017-08-15",
      "predicted_sales": 8.36,
      "category": "PRODUCE",
      "item_class": 2034,
      "perishable": 1,
      "item_name": "Dole Bananas, 2 lb Bunch",
      "category_name": "Fresh Produce",
      "class_name": "Class 2034",
      "product_type": "Perishable"
    },
    {
      "store_nbr": 733202844,
      "item_nbr": 2010456,
      "prediction_date": "2017-08-15",
      "predicted_sales": 5.17,
      "category": "Pantry Staples",
      "item_class": 1052,
      "perishable": 0,
      "item_name": "Uncle Ben\u2019s Jasmine Rice 5 lb",
      "category_name": "Pantry Staples",
      "class_name": "Class 1052",
      "product_type": "Non-Perishable"
    },
    {
      "store_nbr": 733202844,
      "item_nbr": 2048246,
      "prediction_date": "2017-08-15",
      "predicted_sales": 5.73,
      "category": "Pantry Staples",
      "item_class": 1016,
      "perishable": 0,
      "item_name": "Quaker Old Fashioned Oats 42 oz Canister",
      "category_name": "Pantry Staples",
      "class_name": "Class 1016",
      "product_type": "Non-Perishable"
    }
  ],
  "chart_data": {
    "by_category": {
      "title": "Top 10 Categories by Predicted Sales",
      "labels": [
        "Pantry Staples",
        "Dairy Products",
        "Bread & Bakery",
        "Fresh Produce",
        "Cleaning Supplies",
        "Pet Supplies",
        "Beverages & Drinks"
      ],
      "values": [
        64.8,
        8.53,
        8.52,
        8.36,
        5.71,
        4.15,
        4.02
      ],
      "colors": [
        "#1f77b4",
        "#ff7f0e",
        "#2ca02c",
        "#d62728",
        "#9467bd",
        "#8c564b",
        "#e377c2"
      ],
      "total": 104.08999999999999,
      "group_by": "category"
    },
    "by_item": {
      "title": "Top 1000 Items by Predicted Sales",
      "labels": [
        "Del Monte Whole Kernel Corn 15.25 oz 6 Pack",
        "Borden Whole Milk Gallon",
        "Pepperidge Farm Soft Dinner Rolls 12 Count",
        "Dole Bananas, 2 lb Bunch",
        "Barilla Spaghetti Pasta 2 lb",
        "Domino Granulated Sugar 4 lb",
        "Carolina Long Grain White Rice 5 lb",
        "Prego Traditional Italian Sauce 24 oz Jar",
        "Mahatma Extra Long Grain Enriched Rice 5 lb",
        "Quaker Old Fashioned Oats 42 oz Canister",
        "Lysol All Purpose Cleaner Lemon Breeze 32 fl oz",
        "Uncle Ben\u2019s Jasmine Rice 5 lb",
        "Morton Iodized Salt 26 oz",
        "Bertolli Extra Virgin Olive Oil 16.9 fl oz",
        "Meow Mix Original Choice Dry Cat Food 3.15 lb",
        "Pure Leaf Iced Tea Lemon 12 x 16.9 fl oz"
      ],
      "values": [
        9.5,
        8.53,
        8.52,
        8.36,
        7.86,
        7.54,
        6.88,
        6.86,
        5.9,
        5.73,
        5.71,
        5.17,
        4.72,
        4.64,
        4.15,
        4.02
      ],
      "colors": [
        "#1f77b4",
        "#ff7f0e",
        "#2ca02c",
        "#d62728",
        "#9467bd",
        "#8c564b",
        "#e377c2",
        "#7f7f7f",
        "#bcbd22",
        "#17becf",
        "#aec7e8",
        "#ffbb78",
        "#98df8a",
        "#ff9896",
        "#c5b0d5",
        "#c49c94"
      ],
      "total": 104.09,
      "group_by": "item"
    }
  },
  "generated_at": "2025-07-21T14:28:57.017859"
}